Link,Title,Location,Salary,Summary
https://kr.indeed.com/viewjob?jk=6aebabcddef7f514,Field Application Engineer,경기도 용인,,"troubleshooting. Preferably to have coding capability (Matlab, Python...etc... data analysis, visualization, and algorithm..."
https://kr.indeed.com/viewjob?jk=c168b9a8a468e906,차세대 AAA 게임 테크니컬 아티스트 모집,성남 판교역,,"우대 Skill - 일정 수준 이상의 영어 스킬(기술문서 독해 및 청취 가능 여부) - Max Script, Python, C Sharp, 등을 이용한 Script & Tool 제작 Skill - UE4 Blueprint 로..."
https://kr.indeed.com/viewjob?jk=b970fab4900ee5ec,[포털서비스] AB테스트 설계/분석 데이터 엔지니어 및 서버 개발자 모집,성남 판교역,,니다. 실험 프로세스 구축 및 이를 위한 도구 개발 지원자격 최소자격 개발 경력 2년 이상 Python 사용에 어려움이 없으신 분 우대사항 하둡 에코시스템에서 대용량 데이터 처리 경험이 있으신 분 ( hadoop...
https://kr.indeed.com/viewjob?jk=6b465d5f1f6c25b3,[메디치소프트]데이터 분석가 웹프로그래머 python java,서울 상암동,,딥러닝 처리 및 관련 사용언어 : python 및 java 가능자 사용db... 0 개월 이상) 우대 학력 대졸(2~3년) ~ 대졸(4년) 키워드 [ python ] [빅데이터 ] [인공지능 ] [AI ] [컨설팅 ] 우대사항 우대...
https://kr.indeed.com/viewjob?jk=48168aa3a6cd7b03,신규 플랫폼 서비스 웹/앱 서버 개발자 (상여금 지급),서울 송파구,,그래머>ASP|인터넷·IT·통신·모바일·게임>웹프로그래머>JAVA|인터넷·IT·통신·모바일·게임>웹프로그래머> Python|인터넷·IT·통신·모바일·게임>웹프로그래머>백엔드|인터넷·IT·통신·모바일·게임>웹프로그래머>프론트엔드
https://kr.indeed.com/viewjob?jk=ecd0fe8ed259124a,SK 브로드밴드 Biz Analyst 분야 경력사원,서울특별시,,"빅데이터 등 관련 전공자 경력 - 데이터 분석 지식 및 분석 Tool 사용가능자 (SQL, R, Python 등) *필수사항 - Data기반 분석 Insight 도출 및 현업 Communication 에 대한 경험..."
https://kr.indeed.com/viewjob?jk=b2661d357cf26c8f,플랫폼쉴드 시스템 개발,성남 분당구,,"IP, 평판 등의 정보) 지원자격 - 전체 개발 경력 3~5년 - Python, Go 개발경력 우대(팀 내부 주 개발 언어가 Go, Python) - 비동기, 병렬처리 프로그래밍 기술 - OS, DB, H/W, 네트워..."
https://kr.indeed.com/viewjob?jk=2f879096f68e9714,"[대기업] 딥러닝(AI) 영상분석(영상인식, 얼굴인식)",서울,,공지능)>딥러닝|인터넷·IT·통신·모바일·게임>빅데이터·AI(인공지능)> Python|인터넷·IT·통신·모바일·게임>빅데이터·AI(인공지능)>데이터분석... 통신·모바일·게임>응용프로그래머> Python|인터넷·IT·통신·모바일·게임...
https://kr.indeed.com/viewjob?jk=9ee22e907c8b2777,"산본컴퓨터학원[프로그래밍, 그래픽, OA, 전산회계] 강사",경기도 군포,"시급 20,000원","지원자격 경력 신입·경력 학력 - 성별 무관 기타 담당업무 1. 프로그래밍 강의 - C언어, C++, Python, JAVA 등 중/고등, 성인 대상 프로그래밍 강의 2. OA 강의 - 컴퓨터활용능력, 워드프로세서, ITQ..."
https://kr.indeed.com/viewjob?jk=d83fc0dd2641f483,전문연구요원 (병역특례) 수시 (AI / SW 분야),성남 분당구,"연봉 40,000,000원 - 100,000,000원",요구 능력] - ASM/C/C++/ Python 언어 코딩 기술 - 운영체제... 경험 - Windows/Linux 상에서 C++/ Python 언어 사용 개발 경험 - C++ / Python 언어 사용 개발 경험 - 객체지향 설계에...
https://kr.indeed.com/viewjob?jk=120861dc39e392af,연동서비스개발팀 - 웹 프로그래머,성남 분당구,,"이를 기반으로 각종 서비스를 개발/제공합니다. 지원자격 - 웹 어플리케이션 개발경력 1년 이상 - C#, Python 중 하나 이상의 언어를 활용하여 개발이 가능하신 분 - DB 및 웹어플리케이션에 대한 기본적인 이해를..."
https://kr.indeed.com/viewjob?jk=7df915e1f0f86b2d,Software Architecture 설계 엔지니어,성남 분당구,"연봉 40,000,000원 - 100,000,000원",경험 - Windows/Linux 상에서 C++/ Python 언어 사용 개발 경험 - C++ / Python 언어 사용 개발 경험 - 객체지향 설계에... 게임>빅데이터·AI(인공지능)> Python|인터넷·IT·통신·모바일·게임...
https://kr.indeed.com/viewjob?jk=a1d687cd59776360,머신러닝 개발,성남 분당구,,모델 개발 - 머신러닝을 위한 솔루션 프로토타이핑 - 머신러닝 파이프라인 설계 및 구축 지원자격 - Python에 숙련된 프로그래밍 능력과 머신러닝 라이브러리 활용 경험 - 머신러닝과 강화학습에 관련된 지식 습득 혹은...
https://kr.indeed.com/viewjob?jk=38ba0748fb8d6e74,시스템 엔지니어 (이미지 센서) 주임 ~ 과장,경기도 수원,"연봉 45,000,000원 - 55,000,000원",driver 개발 • ASIC 후 BSP support 및 API 개발 [자격요건] • C/C++/ Python 언어 코딩 기술 • ARM/RISCV/MIPS등의 embedded 기반 S/W 개발 경험 및 가능한 자...
https://kr.indeed.com/viewjob?jk=217f05d2e48e9c7c,[전액무료·수당지원] 각 분야별 국비지원 교육생,서울 관악구,,응용프로그래머>JAVA|인터넷·IT·통신·모바일·게임>응용프로그래머> Python|인터넷·IT·통신·모바일·게임>응용프로그래머>머신러닝(ML)|인터넷... 게임>빅데이터·AI(인공지능)> Python|인터넷·IT·통신·모바일·게임...
https://kr.indeed.com/viewjob?jk=dc74730c92ce5050,Data Scientist,서울 영등포구,,"기반 예측, 모델링 프로젝트 경험자 데이터 분석/모델링을 위한 언어 및 프레임워크 사용에 익숙하신 분 ( Python, R, SQL, Pandas, TensorFlow, Pytorch, Spark 등) 회사 내부 구성원들과..."
https://kr.indeed.com/viewjob?jk=6215616a73db9943,게임프로그래머,성남 분당구,,"사고 및 알고리즘 구현이 가능하신 분 우대사항 -게임 프로그래밍 기반 지식 ( 수학 / 물리 ) -C#/ Python/MS-SQL 개발 경험 -글로벌 라이브 서비스 경험 기타사항 - 업계 최고 수준의 연봉과 보상, 변화..."
https://kr.indeed.com/viewjob?jk=6fe5311eacbea17a,데이터 인프라 담당자 모집,성남 판교역,,"어링 5년 이상 업무 경험 보유자 하둡 에코시스템 기반 대용량 데이터의 수집, 가공이 가능한 분 Java, python, go, bash 등 언어 중 하나 이상 활용 가능하신 분 #우대사항 데이터 분석가, 머신러닝 전문가..."
https://kr.indeed.com/viewjob?jk=03183dbe1db35308,Application Engineer,경기도 성남,,high-level programming language... C++/Java/ Python. Some coursework or application experience in industrial robotics...
https://kr.indeed.com/viewjob?jk=6b210054dfaf53d3,[AI R&D] User Profiling 및 서비스 사용성 분석 기술 분야 수시 모집,성남 판교역,,"하는 능력 - Python 언어에 능숙하신 분 2. 해당직무 입사자 필요 조건 - Machine Learning, 수학, 통계, Pattern Recognition, Data/Text Mining - Python 우대사항..."
https://kr.indeed.com/viewjob?jk=a621e7d486f97ea5,2021 ICT 이노베이션 블록체인&AI 교육생,창원 마산회원구,,게임>빅데이터·AI(인공지능)> Python|인터넷·IT·통신·모바일·게임... 로그래머>인공지능(AI)|인터넷·IT·통신·모바일·게임>응용프로그래머> Python|인터넷·IT·통신·모바일·게임>응용프로그래머>머신러닝(ML)|인터넷...
https://kr.indeed.com/viewjob?jk=6c3b5d4320d2c476,[젠틀몬스터] GENTLEMONSTER LAB 로봇 모션제어,서울 마포구,,"[지원자격] ㆍ경력 : 신입/무관 (해당 경험자 우대) [우대사항] ㆍC, C++, Python ㆍ게임 캐릭터 모션 경험 ㆍDC/BLDC/BLAC 모터제어 경험 ㆍROS 개발 경험 ㆍ로봇 개발 경험 ㆍAI(강화학습, GAN..."
https://kr.indeed.com/viewjob?jk=029005430ad99018,테크니컬 오디오 디자이너(Technical Audio Designer) 모집,성남 판교역,,"능력 - Protools, Reaper 등의 DAW 활용 능력 우대사항 - 스크립팅 언어 활용 능력 ( Python, Lua, R 등) - 비쥬얼 스크립팅 언어 활용 능력 (Pure Data, Max/MSP, Reaktor..."
https://kr.indeed.com/viewjob?jk=71c47ac87bb4087e,기술 인턴 인공지능 응용 연구/개발 인턴,서울 관악구,,"6개월) (협의) *모집 절차: 서류 à인터뷰(오프라인) *지원 자격: 프로그래밍 언어 활용 능력: Python, C, C++ 중 1가지 이상 데이터구조, 알고리즘 과목 이수 머신러닝과 딥러닝의 기본 개념 이해 머신러닝..."
https://kr.indeed.com/viewjob?jk=6d6a50ade4777d90,로봇용 카메라 및 컴퓨터비전 SW개발자,서울 서초구,,"Robotics * Mendatory - Strong C/C++ Skills, Good skills on Python or simmilar script laguages - Strong understanding..."
https://kr.indeed.com/viewjob?jk=2f3deac4f6c18324,"[일반직] CGMS 알고리즘 개발 신입사원 (~7/25, 연장)",서울 서초구,,빅데이터·AI(인공지능)>빅데이터|인터넷·IT·통신·모바일·게임>빅데이터·AI(인공지능)>하둡(Hadoop)|인터넷·IT·통신·모바일·게임>응용프로그래머> Python|인터넷·IT·통신·모바일·게임>응용프로그래머>C·C++
https://kr.indeed.com/viewjob?jk=cfc8ccac5b45da66,"Quant Trader : 퀀트, 알고리즘 트레이딩 전문 회사",서울,,리할 수 있는 사람자신 또는 타인의 생각을 긍정적인 방향으로 항상 의심하고 개선할 수 있는 사람아이디어나 논리를 수치적으로 검증하는 능력과 습관이 있는 사람 인터넷·IT·통신·모바일·게임>빅데이터·AI(인공지능)> Python
https://kr.indeed.com/viewjob?jk=18b288e9021d899f,NAVER IDC 서버 운영/관리,춘천 동면,,"Web, WAS에 대한 지식과 System application 운영 경험 - Shell script, python 활용 가능 - 해외 데이터센터 인프라 구축 또는 운영 경험 - 국가보훈대상자 및 장애인은 법령에 의거 우대..."
https://kr.indeed.com/viewjob?jk=04d685fc70b67d4e,Linux/Python/PHP/MySQL/백엔드 정규직 경력,용인 보정동,,"보유 - DBMS(MySQL or MariaDB), scripting Language: bash, python, OOP 언어 중 가능자 - Back-End 서버를 개발해 보신 분 [우대사항] - Go(aka GoLang..."
https://kr.indeed.com/viewjob?jk=30c7776925c0e629,Field Service Engineer Korean Branch,경기도 화성,,"electronics... mechanics Programming knowledge (SPS, Python) and experience with Linux systems is advantageous Very good..."
https://kr.indeed.com/viewjob?jk=e53d65ca0b95f293,(주)시큐아이 경력사원,서울 종로구,,인터넷·IT·통신·모바일·게임>응용프로그래머>Linux|인터넷·IT·통신·모바일·게임>응용프로그래머>C·C++|인터넷·IT·통신·모바일·게임>응용프로그래머> Python|서비스·여행·숙박·음식·미용·보안>경비·보안·경호>보안
https://kr.indeed.com/viewjob?jk=631e21076b176191,소프트웨어 개발자(응용프로그램 개발),경기도 하남,,"직무내용] 1. 기술(우대) - C# WPF, Unity3D, Linux QT, Python. - .NET 프레임워크에 대한 기반 지식 보유자. - 네트워크 프로그래밍에 대한 경험자 - DB 설계 및 DBMS 유 경험자..."
https://kr.indeed.com/viewjob?jk=2c1f4ddcfe63bbd0,Software Engineer - Embedded,경기도 성남,,"C (must have) and C++(optional), lua(optional), python(optional) and Object Oriented Programming. Deep knowledge..."
https://kr.indeed.com/viewjob?jk=0b05f7fff851371a,게임 런처 개발,성남 분당구,,르고 안정적으로 게임을 실행할 수 있도록 함께 고민하고 개발하실 분을 찾습니다. 지원자격 - C++ 혹은 Python 프로그래밍 언어 능숙자 - 비동기 및 병렬처리 프로그래밍 경험 우대사항 - Modern C++ (11...
https://kr.indeed.com/viewjob?jk=a0dda478567db352,"(주)트윔 개발자(경력직) 빅데이터,영상처리,머신비전/AI 딥러닝",경기도 화성,,"자기주도적으로 진행한 경험 - Python/C/C++ 능통자 - 데이터... RNN 등 딥러닝 이론 및 알고리즘 유경험자 - C/C++, Java, Python/TensorFlow/Caffe 사용가능자 - Matlab/R 분석..."
https://kr.indeed.com/viewjob?jk=ec94a80329dd7474,[신세계디에프] Data Engineer,서울 중구,,바일·게임>빅데이터·AI(인공지능)>인공지능(AI)|인터넷·IT·통신·모바일·게임>빅데이터·AI(인공지능)> Python|인터넷·IT·통신·모바일·게임>빅데이터·AI(인공지능)>데이터분석|인터넷·IT·통신·모바일·게임>빅데이터...
https://kr.indeed.com/viewjob?jk=b273550d62b2aa4d,[스타랩스] WEB 개발자 정규직,서울 강남구,,수 있습니다. 인터넷·IT·통신·모바일·게임>웹프로그래머>웹개발|인터넷·IT·통신·모바일·게임>웹프로그래머>JAVA|인터넷·IT·통신·모바일·게임>웹프로그래머> Python|인터넷·IT·통신·모바일·게임>웹프로그래머>백엔드
https://kr.indeed.com/viewjob?jk=774ff221bab9ef3d,"인공지능개발, 인공지능 (Machine Learning) 영상처리 정규직",대전 유성구,,"담당 , 인공지능 임베디드 담당, 인공지능 어플리케이션 개발 업무( python/tensorflow/cpen cv/yolo/app개발/머신러닝/알고리즘... 게임>빅데이터·AI(인공지능)> Python|인터넷·IT·통신·모바일·게임..."
https://kr.indeed.com/viewjob?jk=198a5fb40d7963dc,Corporate Application Engineer – Calibre DS,경기도 성남,,"Linux OS, and previous experience with scripting or Tcl/ Python/Perl programming preferred Familiar with Siemens EDA’s Calibre..."
https://kr.indeed.com/viewjob?jk=c5a2d1029018e4ba,Expat: Experimental Physicist Tuning an Monitoring,경기도 화성,,Experience in using office programs and Unix (Linux) Python and Jira experience is preferred. Deliberate and organized work...
https://kr.indeed.com/viewjob?jk=c80b67aa02a7b226,인공지능연구소 우수인력 초빙 - 연구원 및 연구관리직 -,광주 북구,,"기술 컴퓨터사이언스, 머신러닝, 컴파일러, 자연언어 처리, 네트워킹, 지능형 센서 관련 지식 Python/Java/C++/Web/App/API 프로그래밍, 딥러닝, 자연어처리, TCP/IP 등에 대한 지식 필요기술..."
https://kr.indeed.com/viewjob?jk=b3a6c83c9debcb92,네이버 파이낸셜 플랫폼 운영,성남 삼평동,,"Docker(kubernetes) 및 어플리케이션 배포 전략 지식 보유 - Shell script, python 및 web framework 등 기타 프로그래밍 언어 활용 가능 - 국가보훈대상자 및 장애인은 법령에 의거..."
https://kr.indeed.com/viewjob?jk=1e974ff27c6eb340,Autonomous Driving 분야 엔지니어,서울 강남구,,"프로그래밍 기술 (C/C++, Python 등) - 이동 로봇/드론 관련... platform 개발 경험 - 뛰어난 프로그래밍 기술 (C/C++, Python) - 3D geometry, math, physics 관련 경험 및..."
https://kr.indeed.com/viewjob?jk=93eeb67be92b56ed,(주)아이옵스 항공우주분야,대전 유성구,,궤도역학[우대사항]ㆍ정보처리기사 등 관련 자격증 소지자 ㆍ인공위성 궤도분석 및 비행역학 유경험자ㆍC/C++/ Python 활용 가능자ㆍ영어 가능자 0 명 근무조건 고용형태 : 정규직(수습기간3개월)급여조건 : 급여 협의근무지역...
https://kr.indeed.com/viewjob?jk=7fe0c284fbf4045f,CRM 및 마케팅 데이터분석 담당자 - 국내 대기업 계열사,서울,,"역량 (SQL 및 SAS, R, Python 등) - 통계 지식 보유 및... 경력자- 대용량 데이터 분석 툴 활용 역량 (SQL 및 SAS, R, Python 등)- 통계 지식 보유 및 데이터 모델링 가능자 우대- CRM 업무..."
https://kr.indeed.com/viewjob?jk=7fccab444e235947,Application Engineer - HAV,경기도 성남,,"C/C++ for IP verification Knowledge of scripting using Perl, Python, Makefile with UNIX... LINUX platforms Knowledge..."
https://kr.indeed.com/viewjob?jk=70dee293689985cb,NHN Cloud 서비스 및 플랫폼 개발,성남 판교역,,"이용한 개발 경험 - Kafka, RabbitMQ 등의 메시지 큐를 이용한 개발 경험 - C/C++, Python 등의 다양한 개발 언어 구사 * 이런 서비스를 만듭니다. - 배치부서 및 개발 서비스는 최종합격 후..."
https://kr.indeed.com/viewjob?jk=0196cfb90409b96f,[ 국내 최고회사] Back-End 개발자,성남 분당구,,로그래머>백엔드|인터넷·IT·통신·모바일·게임>웹프로그래머>웹개발|인터넷·IT·통신·모바일·게임>웹프로그래머> Python|인터넷·IT·통신·모바일·게임>데이터베이스·DBA>NoSQL|인터넷·IT·통신·모바일·게임>데이터베이스...
https://kr.indeed.com/viewjob?jk=0f284536b918df4f,CloudNative Engineer,경기도 성남,,"Jenkins,argonCD 등의 CI/CD 서비스 운영 - Python등을 이용한 업무 효율화/자동화 개발 [자격요건] - Cloud... 작업 경험이 있으신 분 - Python,perl 등을 이용한 업무 효율화..."
https://kr.indeed.com/viewjob?jk=63bd0323ac917d78,[아이콘트롤스] 2020년 경력 직원 (기술연구소) 연구개발부문,성남 분당구,,"자격요건>(필수)- 데이터 엔지니어 경력 3년 이상- 프로그램 개발( Python, Java) 능력 보유- 대용량 데이 인터넷·IT·통신·모바일·게임... 통신·모바일·게임>웹프로그래머> Python|인터넷·IT·통신·모바일·게임..."
https://kr.indeed.com/viewjob?jk=79ac23969bbd20ba,Computer Vision 개발자,서울 금천구,,채용이 취소될 수 있습니다. 인터넷·IT·통신·모바일·게임>빅데이터·AI(인공지능)>머신러닝|인터넷·IT·통신·모바일·게임>빅데이터·AI(인공지능)>딥러닝|인터넷·IT·통신·모바일·게임>빅데이터·AI(인공지능)> Python
https://kr.indeed.com/viewjob?jk=602df3bcbf87a0b1,[NAVER Cloud] 네이버 클라우드 빅데이터플랫폼 상품 개발,성남 분당구,,이터플랫폼 상품 개발 및 운영 인터넷·IT·통신·모바일·게임>빅데이터·AI(인공지능)>하둡(Hadoop)|인터넷·IT·통신·모바일·게임>빅데이터·AI(인공지능)> Python|인터넷·IT·통신·모바일·게임>웹프로그래머>백엔드
https://kr.indeed.com/viewjob?jk=852de405aed290bd,Associate Solutions Architect,서울,,"languages... Ruby, Python and Node... 현대 개발 언어에 대한 실무적 지식: 루비 (Ruby), 파이썬 ( Python), Node.js 등 · 개발자 및 IT 운영자 대상의 신기술 전파에..."
https://kr.indeed.com/viewjob?jk=63d19b43d3b272ca,웹/앱 개발자 신입/경력 정규직,서울 용산구,"연봉 30,000,000원 - 35,000,000원",니다. 인터넷·IT·통신·모바일·게임>웹프로그래머>웹개발|인터넷·IT·통신·모바일·게임>응용프로그래머>iOS|인터넷·IT·통신·모바일·게임>응용프로그래머>Android|인터넷·IT·통신·모바일·게임>응용프로그래머> Python
https://kr.indeed.com/viewjob?jk=c04309036d0a44a1,바람의나라 게임프로그래머,성남 분당구,,서비스 경험이 있으신 분 - Linux 환경에서 개발 및 서비스 경험이 있으신 분 - Bash 쉘스크립트/ Python 스크립트 개발 경험이 있으신 분 - Yacc/Lex 개발 경험이 있으신 분 - Apache/PHP...
https://kr.indeed.com/viewjob?jk=55a19c92c845685e,Developer / Designer recruit,서울 논현동,,"language (i.e Python, Ruby, Java, .Net... High proficiency in Python... knowledge... least one Python web framework..."
https://kr.indeed.com/viewjob?jk=0c09254fab96033b,[PUBG Revenue Analytics Team] Data Analyst,서울,,"소통 자격 요건 관련 경력 2년 이상 통계/수학/프로그래밍을 비롯한 quantitative 영역 전공자 Python, SQL 혹은 실무에서의 프로그래밍 언어 활용 경험 커뮤니케이션 능력이 좋으신 분 PUBG 게임을 좋아하..."
https://kr.indeed.com/viewjob?jk=e97e5ff34697d5a9,[KRAFTON] 음성 (TTS/STT) 딥러닝 엔지니어,서울,,험을 보유하신 분 독창적인 기술 제시 및 문제 해결을 위한 프로그래밍 능력을 보유하신 분 (C/C++/ Python/shell 등) 오픈소스 기반 딥 러닝 프레임워크 활용 능력을 보유하신 분 (PyTorch/TensorFlow...
https://kr.indeed.com/viewjob?jk=9adbc290202846e1,[아이브릭스] 기업부설연구소 전문연구요원,성남 분당구,,모바일·게임>응용프로그래머>JAVA|인터넷·IT·통신·모바일·게임>응용프로그래머>자바스크립트|인터넷·IT·통신·모바일·게임>빅데이터·AI(인공지능)>머신러닝|인터넷·IT·통신·모바일·게임>빅데이터·AI(인공지능)> Python
https://kr.indeed.com/viewjob?jk=cb32ed51c4e0c7ad,DGIST 동반진단의료기술융합연구실 계약직 연구원 공개 초빙 공고,대구 현풍면,,"경험자 Matlab 또는 Python 활용 능력 우수자 C/C++... Java, Visual Basic, Python 등) 공학용 프로그래밍 활용 가능자(Matlab, Python 등) 자동차 관련 실험 연구..."
https://kr.indeed.com/viewjob?jk=ee7e4f2e5d69f84c,DRE - Build Engineer,서울,,OO programming language · Experience with Python or related scripting language... Experience with Python or related...
https://kr.indeed.com/viewjob?jk=90e64b198f0d1e74,"[전주] 랜선하우스 웹개발, Python",전주 완산구,,"소지자 (유)랜선하우스부동산투어 [신입/경력]랜선하우스에서 웹개발, Python 모집합니다. 모집부문 및 자격요건 담당업무 자격요건 인원 [담당업무... 웹프로그래머>웹개발|인터넷·IT·통신·모바일·게임>웹프로그래머> Python"
https://kr.indeed.com/viewjob?jk=22123968c1ca16d9,대기업 AI NPU 개발자 (판교),서울,"연봉 70,000,000원 - 80,000,000원","Competencies- C/C++, Python Language... RTL Simulation and Verification- C/ Python 기반 모델 RTL 변환 가능 기술[근무부서 및 직급/직책]직급/직책: 과장..."
https://kr.indeed.com/viewjob?jk=7a10f3521337083b,"Perception Engineer, Deep Learning - Autonomous Vehicles",서울,,"PyTorch, etc). Strong programming skills in C++... python. Outstanding communication and collaboration skills as we..."
https://kr.indeed.com/viewjob?jk=1142010dbbc524bc,Back-end Engineer,서울,,"Proficient... least one... following languages: Python, Go, java, Node.js. * Experience in continuous service..."
https://kr.indeed.com/viewjob?jk=447e5726f229a2b7,"Cloud Technical Solutions Engineer, Networking",서울,,"reading or debugging code (e.g., Java, C, C++, .NET, Python, Shell, Perl, JavaScript). Experience advocating for customer..."
https://kr.indeed.com/viewjob?jk=0c03a792f8a2a803,(한화생명) 투자사업팀 경력채용,서울,,"계량모델 혹은 성과평가) : 금융시장 분석에 필요한 Tool 활용 가능자 우대(VBA, MATLAB, Python, R 등) - 자격증 : 금융관련 자격 보유자 우대 0명 본사(63빌딩) 한화인의 공고 내 '1:1 문의하기..."
https://kr.indeed.com/viewjob?jk=776ccceeaf6fe02e,DGIST 동반진단의료기술융합연구실 계약직 연구원 공개 채용 공고,대구 현풍면,,"경험자 Matlab 또는 Python 활용 능력 우수자 C/C++... 분석 수행 Python을 통한 Data 처리 및 DB 구축 윈도우/리눅스 환경 프로그래밍 가능자(C++, Java, Python 등) 자동..."
https://kr.indeed.com/viewjob?jk=0e1563335e62947f,(주)쎄미시스코 소프트웨어 및 머신러닝 개발자 신입/경력,수원 권선구,,"프로그래밍 능숙자 (C++, Python, Tensorflow, Mxnet... 응용프로그래머>Linux|인터넷·IT·통신·모바일·게임>웹프로그래머> Python|전자·기계·기술·화학·연구개발>연구원·연구개발>반도체·디스플레이|인터..."
https://kr.indeed.com/viewjob?jk=890e771590b507ba,데이터 셋 구축 인력 정규/인턴직,성남 수정구,"월급 1,800,000원 - 2,000,000원",지원자격 경력 신입·경력 학력 - 성별 무관 기타 담당업무 데이터 셋 구축 인력 모집 [Cpp / Python] 웹 개발[JAVA / PHP] 인력 모집 [문화콘텐츠>문화콘텐츠제작>스마트문화앱콘텐츠제작] 스마트문화앱 개발환경...
https://kr.indeed.com/viewjob?jk=d5c2721b4f838e42,에프앤가이드 - 각 부문 (전문연구요원 포함),대한민국,,"이공계열 석사학위 이상 취득(예정)자 - 우대사항 : ㆍ SQL, python, R 개발경험 소유자 디지털금융팀 - 담당업무 : ㆍ마이데이터 및... 문을 이해/구현 가능한 분 ㆍ Python 등의 언어를 이용한 서비스 개발..."
https://kr.indeed.com/viewjob?jk=914c525415ad84aa,Backend Developer(Python or Java),서울,,"채용제목 Backend Developer( Python or Java) 회사소개 온라인 서비스 업무내용/자격요건 자격요건 - Python, Java, Ruby, Node.js 등을 사용한 5년 이상의 개발 경력 -Web..."
https://kr.indeed.com/viewjob?jk=e64d2f1e2de938b4,Solutions Architect,서울,,"languages... Ruby, Python and Node... 현대 개발 언어에 대한 실무적 지식: 루비 (Ruby), 파이썬 ( Python), Node.js 등 · 개발자 및 IT 운영자 대상의 신기술 전파에..."
https://kr.indeed.com/viewjob?jk=a1a89406f38aabeb,Social Media Data Analyst,대한민국,,경력이 있으신 분 주체적으로 도메인 업무를 분석하여 정리하는 데 익숙하신 분 데이터 분석 및 추출을 위한 Python 언어를 사용할 수 있으신 분 긍정적으로 다른 분야의 팀과 작업 및 협업할 수 있으신 분 관계형 DB의 사용...
https://kr.indeed.com/viewjob?jk=bac5a1e29111b609,Diploma Student / Intern - HANA Cloud Development and Operat...,서울,,"skills: Proficiency in Linux Coding skills in Scala, Java, Python or similar Understand docker containers and Kubernetes..."
https://kr.indeed.com/viewjob?jk=d6c05c588971df5a,백엔드 파운트 시스템 엔지니어 (현재 급여수준 이상 보장),서울 충정로역,,"경험 - Linux명령어 및shell스크립트 작성 능숙 우대사항 - Python, Java등을 이용한 프로그래밍 경험 네트워크및 서버에 대한 표준화... 립트 작성 능숙 우대사항 - Python, Java등을 이용한 프로그래..."
https://kr.indeed.com/viewjob?jk=8c32b5db8ab28c7d,"[광고 추천] 데이터 과학자, 기계학습(머신러닝) 전문가 모집",성남 판교역,,"학습(머신러닝), 딥러닝에 관한 지식과 경험이 풍부한 분 하나 이상의 프로그래밍 언어에 능통한 분 (예, Python, R, Java, Scala, C/C++, Golang 등) 단, 주니어는 기계학습 기초 지식과 개발 역량..."
https://kr.indeed.com/viewjob?jk=419692b3ddb34768,Analytics Specialist,서울,,"end languages ( Python, NodeJS, PHP, etc... HTML5 / CSS / JavaScript, 기타 프론트 엔드 언어 ( Python, NodeJS, PHP 등) 등 읽고 쓰는 능력 기본 혜택..."
https://kr.indeed.com/viewjob?jk=e74ea031c23c06f8,[교원그룹] AI혁신센터 경력직 수시 상시 지원(영입 시 종료),서울 중구,,통신·모바일·게임>빅데이터·AI(인공지능)>데이터분석|인터넷·IT·통신·모바일·게임>빅데이터·AI(인공지능)> Python|인터넷·IT·통신·모바일·게임>빅데이터·AI(인공지능)>머신러닝|인터넷·IT·통신·모바일·게임>응용프로...
https://kr.indeed.com/viewjob?jk=2d6758e0cf68af13,[TmaxTibero/기술] DBMS 제품 QA 신입 및 경력,성남 분당구,,연관 3rd Party 제품 기술지원 경험자(경력 지원자) - Unix/Linux 경험자 - Java/C/ Python/shell 초급 개발자/경험자(경력 지원자) - S/W QA 경험자(경력 지원자) - CDC 제품 사용...
https://kr.indeed.com/viewjob?jk=03183dbe1db35308,Application Engineer,경기도 성남,,high-level programming language... C++/Java/ Python. Some coursework or application experience in industrial robotics...
https://kr.indeed.com/viewjob?jk=bddb7f62ce1ef186,[대형증권사] 파생퀀트,서울 강남구,,통신·모바일·게임>웹프로그래머>JAVA|인터넷·IT·통신·모바일·게임>웹프로그래머>프론트엔드|인터넷·IT·통신·모바일·게임>웹프로그래머> Python|인터넷·IT·통신·모바일·게임>웹프로그래머>HTML·DHTML·mHTML
https://kr.indeed.com/viewjob?jk=e4e7e2e0d73f981f,Data Scientist,경기도 평택,,"Tools, and Techniques Demonstrated proficiency with R or Python, and SQL to manipulate data and draw insights from large..."
https://kr.indeed.com/viewjob?jk=1961a1ecccb03336,[NIT Service] 네이버 파이낸셜 플랫폼 운영,성남 분당구,,"및 어플리케이션 배포 전략 지식 보유 - Shell script, python 및 web framework 등 기타 프로그래밍 언어 활용 가능... 보유 - Shell script, python 및 web framework..."
https://kr.indeed.com/viewjob?jk=fd968da66dd283df,[LNG발전소] 데이터분석 전문가,충청남도,,모바일·게임>빅데이터·AI(인공지능)>인공지능(AI)|인터넷·IT·통신·모바일·게임>빅데이터·AI(인공지능)> Python|인터넷·IT·통신·모바일·게임>빅데이터·AI(인공지능)>머신러닝|인터넷·IT·통신·모바일·게임>빅데이터...
https://kr.indeed.com/viewjob?jk=0ad6d55e97b4e1e5,Data Center Operations Engineer,서울,,"vendors · Scripting skills - Bash, Python, Perl, etc. · Project coordination... 스크립팅 기술 - Bash, Python, Perl 등 보유자 · 프로젝트..."
https://kr.indeed.com/viewjob?jk=069278d922cccae3,로봇 플랫폼 개발자,서울 서초구,,Architecture 연구 개발 2. 경력 및 경험 - ROS1/2 기반 로봇 SW 개발 유경험자 - C/C++/ Python 중급 이상 - 임베디드 시스템 기반 SW 개발 유경험자 3. 우대사항 - 로봇 실무 경험자 우대...
https://kr.indeed.com/viewjob?jk=6afaaaedd684f701,Software Engineers (AvionX),서울,,"more than 1+ software languages (e.g. C, C++, C#, Java, Python, Java script, model based engineering and so on) Proper..."
https://kr.indeed.com/viewjob?jk=3208b77b12fcc510,Korean Computational Linguist - AI (Natural Language Reasoni...,서울,,"relation frameworks * Experience in programming in Perl, Python, or another scripting language * Experience in using grammar..."
https://kr.indeed.com/viewjob?jk=711f285ff8ff2fc7,백엔드 정규직,서울 중구,,"서비스 신규개발, 유지보수, 최적화, 성능 개선- 기술문서 작성- 기획, 프론트엔드와 협업 [자격요건]- Python 혹은 .NET 전문성 보유- API, 데이터 통신 설계 가능하신 분- AWS/Azure Serverless..."
https://kr.indeed.com/viewjob?jk=1344fe4ee44b4959,[웹젠] 서버(R2)(신입/경력),성남 분당구,,"사용자 - 유연한 사고와 원활한 의사소통 능력 보유자 ﻿ 우대사항 - Python, freebsd, MySql 경험자 - STL, Socket... 능력 보유자 ﻿ 우대사항 - Python, freebsd, MySql..."
https://kr.indeed.com/viewjob?jk=5964e895e5eaa8e5,백엔드 개발자,성남 분당구,,"주로 ASP.Net Core 로 개발 되어 있으며, akka.net. python, golang 으로 되어 있는 서비스들도 있기 때문에, 원하시는... asp.net core, C# 나 python 개발에 능숙 하신 분..."
https://kr.indeed.com/viewjob?jk=1d89fe4b37ab05ed,"데이터마이닝, 빅데이터 큐레이터 외 신입/경력 정규직",서울 강남구,,"있거나 이에 준하는 실질적인 기술 경력 -데이터를 다루기 위한 Python 혹은 R 등의 프로그래밍 능력 -SQL의 사용 능력 -데이터를 다루기 위한 Python, R, Java 중 1개의 프로그래밍 능력 -대용량 데이터..."
https://kr.indeed.com/viewjob?jk=ecd0fe8ed259124a,SK 브로드밴드 Biz Analyst 분야 경력사원,서울특별시,,"빅데이터 등 관련 전공자 경력 - 데이터 분석 지식 및 분석 Tool 사용가능자 (SQL, R, Python 등) *필수사항 - Data기반 분석 Insight 도출 및 현업 Communication 에 대한 경험..."
https://kr.indeed.com/viewjob?jk=4b31a4ae3ffd862a,각 부문별 신입/경력사원,서울 중구,,지능(AI)|전자·기계·기술·화학·연구개발>광학·의료장비>AI의료|인터넷·IT·통신·모바일·게임>웹프로그래머> Python|인터넷·IT·통신·모바일·게임>네트워크·서버·보안>정보보안|의료·간호·보건·복지>치료·의료기사>보건의료...
https://kr.indeed.com/viewjob?jk=61b7290a3931b6f4,[Amazon] Data Center Operations Engineer,서울,,"vendors · Scripting skills - Bash, Python, Perl, etc. · Project coordination... 스크립팅 기술 - Bash, Python, Perl 등 보유자 · 프로젝트..."
https://kr.indeed.com/viewjob?jk=f8f0abffb4b17017,[NAVER Cloud] Security Engineer 모의해킹,성남 분당구,,해킹/방어 기술 연구- 0-day 취약점 발견<span styl 인터넷·IT·통신·모바일·게임>웹프로그래머> Python|인터넷·IT·통신·모바일·게임>통신·모바일>스마트폰 어플리케이션(App)|인터넷·IT·통신·모바일·게임...
https://kr.indeed.com/viewjob?jk=1e708a23b9f87c19,JAVA 개발자 경력직/신입,서울 성동구,,"경력직 정규직 채용 모집부문 및 자격요건 담당업무 자격요건 인원 [담당업무]Back-end 개발자(java, python 등)- Restful API 서비스 설계/연동 개발(Spring)- web 서비스 백엔드 개발front..."
https://kr.indeed.com/viewjob?jk=afa30e3bd232c093,Cloud Support Engineer - Deployment,서울,,"One or more scripting language (e.g. Bash, PowerShell, Ruby, Python, ebextensions) · Networking protocols... HTTP, DNS..."
https://kr.indeed.com/viewjob?jk=269f9a96319ef19a,머신러닝 엔지니어 모집,성남 판교역,,"델의 성능 검증 및 지속 개선 대규모 로그 데이터 통계 분석을 통한 피쳐 추출 지원자격 #필수사항 Python, Java, C++ 등 언어 중 하나 이상 활용 가능하신 분 TensorFlow/Keras, PyTorch..."
https://kr.indeed.com/viewjob?jk=754be9e3d78fa802,2021년 상반기 R&D 개발자 (병역특례 가능/경력 무관),인천 연수구,,"담당업무: - 블루투스 메시 기반 위치 추적 솔루션 개발 - 상기 솔루션의 임베디드 펌웨어 개발 - C(필수), Python, Javascript 프로그래밍 언어 사용 - 기술 지원 [자격요건] 경력사항: 무관 (신입도 지원..."
https://kr.indeed.com/viewjob?jk=34296e55e21f39f6,[금호타이어] 2021년 8월 수시,서울 종로구,,통신·모바일·게임>응용프로그래머> Python|인터넷·IT·통신·모바일·게임... 게임>웹프로그래머>웹개발|인터넷·IT·통신·모바일·게임>웹프로그래머> Python|재무·회계·경리>재무·자금·IR>자금|재무·회계·경리>재무·자금·IR...
https://kr.indeed.com/viewjob?jk=417d617feb2b2c3a,"개발자 - 로그 분석 프로그램, Python",서울 송파구,,"차장 [담당업무]ㆍ Python, Kafka를 활용한 차세대 데이터 시스템 개발ㆍ실시간 대용량 로그 수집, 분석, 저장ㆍ Python, Linux, Kafka, IBM LSF[필요기술]ㆍ Python 을 이용한 문자열 처리, 외부..."
https://kr.indeed.com/viewjob?jk=3105c5db145fe607,Python 시스템 개발자 경력자,세종특별자치시,,"[직무내용] - 영상처리/머신러닝 시스템 개발 (TensorFlow)- TCP/IP, FTP, DB<우대사항>- 전기/전자공학, 컴퓨터/시스템공학, 공학계열- 통계분석능숙자, 운전가능자, 해당직무 근무경험- 석사학위 수여자..."
https://kr.indeed.com/viewjob?jk=6fc2719750916dd3,Deep Learning R&D Engineer,서울,,MxNet - Strong programming skills with C/C++ and Python - Experiences in programming and testing on Linux environment...
https://kr.indeed.com/viewjob?jk=4698c0e2364b5576,[넥슨·엔씨소프트등] 자바·파이썬 응용SW 개발자 양성교육 · 동종업계 신입 초봉5천1,서울 구로구,,통신·모바일·게임>응용프로그래머> Python|인터넷·IT·통신·모바일·게임... 웹프로그래머> Python|인터넷·IT·통신·모바일·게임>웹프로그래머>웹개발|인터넷·IT·통신·모바일·게임>빅데이터·AI(인공지능)> Python|인터넷...
https://kr.indeed.com/viewjob?jk=aac8e9355cb855ac,[인재풀] 아티스트,서울,,Maya or 3D Max등의 아트웍 툴 사용 경험 Max script 또는 Mel Script의 사용 경험 C# 또는 Python 언어에 대한 이해 및 활용 능력 아트웍 관련 툴 제작 또는 플러그인 제작 경험
https://kr.indeed.com/viewjob?jk=3cf01580ba5eb23a,NLP Researcher,서울,,"Stacks [Back-end] Language: python, golang Python Framework: Django, Bottle [Front... Language: python, golang Python Framework..."
https://kr.indeed.com/viewjob?jk=752a4b5d63eac97c,Back-end Engineer (Python),서울 강남구,,"찾아요 5년 이상의 웹/앱 서비스의 백엔드 시스템 개발 경험이 있으시거나 이에 준한 역량을 갖추신 분 Python(Django, Flask) 개발 경험이 있으신 분 AWS 환경에서의 개발이 익숙하신 분 git 기반 코드..."
https://kr.indeed.com/viewjob?jk=9886828d446357cd,"소프트웨어 개발자 (Python, LabVIEW, PLC)",인천 서구,"월급 2,000,000원",직무내용] 자동화 시스템 소프트웨어 개발 [근무시간 및 형태] 주 5일 근무 (오전) 9시 00분~(오후) 6시 00분 주소정근로시간 : 40시간 [급여조건] - 월급 2000000원 이상 - 상여금 : 0% (미 포함...
https://kr.indeed.com/viewjob?jk=6f4889537af98046,데이터 모델링 및 추천 모델링,성남 판교역,,"스트, 결과 해석 등) - 머신 러닝 및 데이터 분석 관련 언어(R, Python, SQL 등)의 능숙한 활용 - 통계, 머신 러닝 등 관련 분야... 관련 언어, 라이브러리(R, Python, SQL, tensorflow 등..."
https://kr.indeed.com/viewjob?jk=2f879096f68e9714,"[대기업] 딥러닝(AI) 영상분석(영상인식, 얼굴인식)",서울,,공지능)>딥러닝|인터넷·IT·통신·모바일·게임>빅데이터·AI(인공지능)> Python|인터넷·IT·통신·모바일·게임>빅데이터·AI(인공지능)>데이터분석... 통신·모바일·게임>응용프로그래머> Python|인터넷·IT·통신·모바일·게임...
https://kr.indeed.com/viewjob?jk=387c6b57b19a4825,[다음포털] 카카오 콘텐츠 데이터(엔지니어/사이언티스트/모델러) 모집,대한민국,,"및 인사이트 도출 모델 평가를 위한 평가 지표 개발 지원자격 팀 커뮤니케이션이 원활하신 분 R, Python으로 능숙한 프로그래밍이 가능하신 분 TensorFlow/Keras, PyTorch, sklearn, Spark..."
https://kr.indeed.com/viewjob?jk=baef52e762695b76,품질센터 인재 Pool 등록 (7월 경력),청주 오창읍,,"Minitab, SPSS, SAS 등) or 프로그래밍 언어 (R, Python, Visual Basic 등)에 대한 경험 - 6σ MBB, CRE... 등) or 프로그래밍 언어(R, Python, Visual Basic 등..."
https://kr.indeed.com/viewjob?jk=c9bcd152fbf60fd9,[한국자산평가] 경력직원 IT부문,서울 종로구,,웹프로그래머>백엔드|인터넷·IT·통신·모바일·게임>웹프로그래머> Python|인터넷·IT·통신·모바일·게임>응용프로그래머>JAVA|인터넷·IT·통신... 통신·모바일·게임>응용프로그래머> Python|인터넷·IT·통신·모바일·게임...
https://kr.indeed.com/viewjob?jk=8e427bfa23c2365d,Machine Learning Engineer (LINE AI Services Lab),대한민국,,"있으신 분 Hadoop MR, Hive, Spark 등 대용량 처리 프레임워크 개발/사용 경험이 있으신 분 Python, Scala, SQL 등의 프로그래밍 언어를 사용할 수 있으신 분 해외 출장 및 근무에 결격 사유 없으신..."
https://kr.indeed.com/viewjob?jk=7fe0c284fbf4045f,CRM 및 마케팅 데이터분석 담당자 - 국내 대기업 계열사,서울,,"역량 (SQL 및 SAS, R, Python 등) - 통계 지식 보유 및... 경력자- 대용량 데이터 분석 툴 활용 역량 (SQL 및 SAS, R, Python 등)- 통계 지식 보유 및 데이터 모델링 가능자 우대- CRM 업무..."
https://kr.indeed.com/viewjob?jk=69d9407fc0aa91c5,반도체 신입 정규직,경기도 화성,,"반도체 평가및 분석. PCB회로설계. 반도체 공정기술. S/W 개발 [자격요건]. 관련전공 및 관련 학과. Python, C, C++ 이용 경험자. 신입 및 경력 2년 이내[ 우대사항]. 영어가능자 0 명 근무조건 고용형태..."
https://kr.indeed.com/viewjob?jk=c8c02d6751fce8a8,Python 경력 정규직,서울 강남구,,브라이트컨설팅 Python 경력 정규직 채용 모집부문 및 자격요건 담당업무 자격요건 인원 [자격요건] 경력사항: 경력(7년 이상 12년 이하) 학력사... 수 있습니다. 인터넷·IT·통신·모바일·게임>응용프로그래머> Python
https://kr.indeed.com/viewjob?jk=06bd7cf4b32f5ac8,[HR Div.] 인사제도 기획 및 운영,서울,,"경험 게임 업계 및 PUBG에 대한 관심과 이해 Fluent level English Coding( Python, Java 등)이나 Data(SQL 등)관련 지식 보유 고용 형태 정규직 근무지 서울 본사 (역삼) 제출..."
https://kr.indeed.com/viewjob?jk=4ade52bb05545770,[전국렌터카공제조합] 신입 및 경력직,경기도,,웹개발|인터넷·IT·통신·모바일·게임>웹프로그래머>JSP|인터넷·IT·통신·모바일·게임>웹프로그래머> Python|인터넷·IT·통신·모바일·게임>응용프로그래머>iOS|인터넷·IT·통신·모바일·게임>응용프로그래머>Android...
https://kr.indeed.com/viewjob?jk=89f3e10d77a126bf,Field Service Engineer,경기도 용인,,"troubleshooting. Preferably to have coding capability (Matlab, Python...etc... data analysis, visualization, and algorithm..."
https://kr.indeed.com/viewjob?jk=14d562d10c215572,"PHP, Python 신입/경력 정규직",서울 금천구,,"주식회사 비즈부스터 PHP, Python 개발자 채용 모집부문 및 자격요건 담당업무 자격요건 인원 [담당업무]*당사의 서비스(비즈탑) 솔루션 및 서비... 프로그래머>PHP |인터넷·IT·통신·모바일·게임>웹프로그래머> Python"
https://kr.indeed.com/viewjob?jk=e7c8c2b11f24fb43,Software Engineer,서울,,"languages, including... limited to: C++, Java, C and Python. Excellent written and verbal communication skills. About..."
https://kr.indeed.com/viewjob?jk=5c8c62a127ded501,Cognitive and AI Engineer,서울,,"data science skills : Machine Learning, Deep Learning, Watson, Python, R, Spark Web application development skills Required..."
https://kr.indeed.com/viewjob?jk=2ad85b06dc1bc1a4,Software Quality Engineer,서울,,"development process improvements Scripting experience with Python, Shell Scripts, Ruby. Preferences: Familiarity..."
https://kr.indeed.com/viewjob?jk=f87225c8d755d5bf,Cloud 엔지니어,서울,,"이상의 클라우드 아키텍처 구성 경험 AWS ECS, K8s 등 컨테이너 기반의 서비스 운영 경험 Python, Node.js, GO 등 하나 이상의 프로그래밍 언어에 능숙 Terraform, AWS CloudFormation..."
https://kr.indeed.com/viewjob?jk=6b909c8efd96c85a,(주)엘솔루 R&D본부 ASR팀 개발직,서울,,"제공 [필수사항] ㆍ프로그래밍에 재능 및 열정이 있는 자 ㆍJava, Python 중 하나 이상의 언어사용자 ㆍWeb 개발능력 ㆍ리눅스 사용 경험자... 머신러닝(ML)|인터넷·IT·통신·모바일·게임>응용프로그래머> Python"
https://kr.indeed.com/viewjob?jk=a98eb9cf76d8f726,"웹프로그래머/Python/SQL DB/WebRTC/CSS,PHP etc 신입/경력 정규직",수원 영통구,,"연구빅데이터분석 및 AI개발 Python , WebRTC 프로그램개발현장... 및 AI개발, Python / WebRTC프로그램개발[우대사항]전공계열: 공학계열자격증: Python, Python 교육이수자, 빅데이터, 스마트공장..."
https://kr.indeed.com/viewjob?jk=6c3b5d4320d2c476,[젠틀몬스터] GENTLEMONSTER LAB 로봇 모션제어,서울 마포구,,"[지원자격] ㆍ경력 : 신입/무관 (해당 경험자 우대) [우대사항] ㆍC, C++, Python ㆍ게임 캐릭터 모션 경험 ㆍDC/BLDC/BLAC 모터제어 경험 ㆍROS 개발 경험 ㆍ로봇 개발 경험 ㆍAI(강화학습, GAN..."
https://kr.indeed.com/viewjob?jk=d2bb8a141f801a88,"Python,CC++, JAVA 외 신입/경력",서울 강동구,,"(주)엠코프 Python, JAVA 외 신입/경력 채용 모집부문 및 자격요건... 취소될 수 있습니다. 인터넷·IT·통신·모바일·게임>웹프로그래머> Python|인터넷·IT·통신·모바일·게임>웹프로그래머>JAVA|인터넷·IT·통신..."
https://kr.indeed.com/viewjob?jk=7e17ea213996938d,[신세계디에프] Data Scientist,서울 중구,,"및 제출서류 전형절차 서류 1차면접 2차면접 최종합격 직무/산업 직무별(직종) 응용프로그래머Java, SQL 인공지능(AI).빅데이터인공지능(AI), 빅데이터, 머신러닝, Python 산업별(업종) 유통.백화점.도소매 면세점"
https://kr.indeed.com/viewjob?jk=1b8a17de7415acfa,2021 MICE 기업 미니잡페어:비대면 미니잡페어,대한민국,,로그래머>백엔드|인터넷·IT·통신·모바일·게임>웹프로그래머>프론트엔드|인터넷·IT·통신·모바일·게임>웹프로그래머> Python|인터넷·IT·통신·모바일·게임>웹프로그래머>ASP.NET|인터넷·IT·통신·모바일·게임>웹프로그래머...
https://kr.indeed.com/viewjob?jk=cd33747ecaa2f3aa,미래금융팀 경력직원(데이터분석),서울 영등포구+1 지역,,인터넷·IT·통신·모바일·게임>ERP·시스템분석·설계>데이터분석|인터넷·IT·통신·모바일·게임>웹프로그래머> Python|인터넷·IT·통신·모바일·게임>응용프로그래머> Python
https://kr.indeed.com/viewjob?jk=6c218d8999f68f9b,2021년도 제1차 국가보훈대상자,전라남도 나주,,통신·모바일·게임>응용프로그래머> Python|인터넷·IT·통신·모바일·게임... 게임>웹프로그래머>JAVA|인터넷·IT·통신·모바일·게임>웹프로그래머> Python|인터넷·IT·통신·모바일·게임>빅데이터·AI(인공지능)> Python
https://kr.indeed.com/viewjob?jk=ec94a80329dd7474,[신세계디에프] Data Engineer,서울 중구,,바일·게임>빅데이터·AI(인공지능)>인공지능(AI)|인터넷·IT·통신·모바일·게임>빅데이터·AI(인공지능)> Python|인터넷·IT·통신·모바일·게임>빅데이터·AI(인공지능)>데이터분석|인터넷·IT·통신·모바일·게임>빅데이터...
https://kr.indeed.com/viewjob?jk=78a4f752083fb75f,[전국민 누구나 / 비전공자도 가능] 한국표준협회 블록체인 교육생,서울,,통신·모바일·게임>빅데이터·AI(인공지능)>데이터분석|인터넷·IT·통신·모바일·게임>빅데이터·AI(인공지능)> Python|인터넷·IT·통신·모바일·게임>빅데이터·AI(인공지능)>머신러닝|인터넷·IT·통신·모바일·게임>빅데이터...
https://kr.indeed.com/viewjob?jk=f5e49e73244edbad,[한국자산평가] 인턴 IT부문,서울 종로구,,웹프로그래머>백엔드|인터넷·IT·통신·모바일·게임>웹프로그래머> Python|인터넷·IT·통신·모바일·게임>응용프로그래머>JAVA|인터넷·IT·통신... 통신·모바일·게임>응용프로그래머> Python|인터넷·IT·통신·모바일·게임...
https://kr.indeed.com/viewjob?jk=dfb20fa220f3c478,"빅데이터, 인공지능(AI) 외 신입/경력 인턴",대한민국,,인공지능)>인공지능(AI)|인터넷·IT·통신·모바일·게임>빅데이터·AI(인공지능)>데이터분석|인터넷·IT·통신·모바일·게임>빅데이터·AI(인공지능)> Python|인터넷·IT·통신·모바일·게임>빅데이터·AI(인공지능)>딥러닝
https://kr.indeed.com/viewjob?jk=87d89ada0a8d00c3,LCP Customer Support Engineer,대한민국,,components - Storage solutions - Script language - Perl / Python / PHP / BASH(*) - Understanding Factory automation - XML...
https://kr.indeed.com/viewjob?jk=0f7993638aee82bd,Deep Learning Researcher (Intern),서울,,"Adversarial attacks, examples Minimum Qualifications • Python Programming • Deep learning with hands-on experience of deep..."
https://kr.indeed.com/viewjob?jk=8cc372a6b78679b1,"인공지능(AI), Python(응용프로그램 개발자) 외 신입/경력 정규직",서울 성북구,"연봉 25,000,000원 - 30,000,000원","(주)쿠노소프트 인공지능(AI), Python 외 신입/경력 정규직 채용... 래머>인공지능(AI)|인터넷·IT·통신·모바일·게임>응용프로그래머> Python|인터넷·IT·통신·모바일·게임>응용프로그래머>Visual C++(MFC..."
https://kr.indeed.com/viewjob?jk=ded8bcea22397699,[Janssen] Data Scientist,서울,,"Expertise in one or more programming languages... R, Python or SAS. • Knowledge of relational database architecture..."
https://kr.indeed.com/viewjob?jk=45e2530522c7472a,"Python, 인공지능(AI) 외 신입/경력 정규직",성남 분당구,,제출서류에 허위사실이 있을 경우 채용이 취소될 수 있습니다. 인터넷·IT·통신·모바일·게임>응용프로그래머> Python|인터넷·IT·통신·모바일·게임>데이터베이스·DBA>Oracle DB|인터넷·IT·통신·모바일·게임>ERP...
https://kr.indeed.com/viewjob?jk=55584c627df1acaa,데이터 분석가/사이언티스트(신입/인턴 가능),제주도 제주,,"Sheet) 등 데이터 분석 도구를 원활히 다루시거나, 앞으로 원활히 다루고자 하는 의지가 높으신 분 • Python, R 등의 프로그래밍 언어 혹은 데이터 분석 언어를 1개 이상 능숙하게 사용 가능하신 분 전형절차 서류..."
https://kr.indeed.com/viewjob?jk=a3b436f0e9cb53cb,Expat: Experimental Physicist / Engineer for Electron Optics...,경기도 화성,,Experience in using office programs and Unix (Linux) Python and Jira experience is preferred. Deliberate and organized work...
https://kr.indeed.com/viewjob?jk=df21e3bb5d773616,Python Programmer,서울 서초구,,개발 – JAVA 프로그래밍(라이브러리 활용) – Spring 프레임 워크 개발 – Python API 프로그래밍 우대사항 – Python 개발 경험 – Open Source 라이브러리 개발경험 – Web 표준에 대한 경험...
https://kr.indeed.com/viewjob?jk=94d2429fcb791b3d,[법무법인(유) 율촌] 로펌 경영정보팀,서울 강남구,,"- 신입~3년 경력자 - SQL을 통한 데이터 추출, 분석이 가능하거나 Python, R 등의 분석 도구를 활용한 프로그래밍이 가능한 분 - 데이터 분석... 통신·모바일·게임>웹프로그래머> Python|인터넷·IT·통신·모바일·게임..."
https://kr.indeed.com/viewjob?jk=00fedd3035157fc7,소프트웨어 엔지니어(인공지능 관련) R&D,성남 수정구,,"차무관)학력사항: 학력무관직무기술: Python, 소프트웨어, 인공지능개발, 머신러닝/딥러닝기타: ㆍ음악과 사운드에 대한 경험을 가지고 있는 자ㆍMIDI 에 대한 이해가 있는 자ㆍ Python 사용이 가능한 자 1 명 에스엠알..."
https://kr.indeed.com/viewjob?jk=c1a4bc58f165f954,디지털 분야 직무별 경력사원 모집 공고,서울 서초동,,"API 연동 운영 경험 ⑤ Linux, 네트워크 기본 이해 ※ Python, Node.js 等 다양한 언어 개발능력 Public Cloud... 구축 경험, Shell, Python 등 스크립트언어 활용력 우대..."
https://kr.indeed.com/viewjob?jk=d864fe9b25cf37cc,Software Engineer - Robotics,서울,,STEM or similar degree You have in-depth knowledge of C / C++ and Python programming You value soft skills... passionate...
https://kr.indeed.com/viewjob?jk=be783905da6d07fb,Data Center Industry Technical Specialist,서울,,"5G network and computer language experience like C/C++, Python, and Tensorflow... definite plus point. Internship..."
https://kr.indeed.com/viewjob?jk=67c469c1980a4437,[대형증권사] IT퀀트 개발자,서울 강남구,,"로세스에 대한 이해학력사항: 대학교(4년)졸업 - 이공계 전공, C#, Python,JavaScript,SQL 사용 가능 우대 0 명 근무조건 고용형태... 통신·모바일·게임>웹프로그래머> Python|인터넷·IT·통신·모바일·게임..."
https://kr.indeed.com/viewjob?jk=6d6a50ade4777d90,로봇용 카메라 및 컴퓨터비전 SW개발자,서울 서초구,,"Robotics * Mendatory - Strong C/C++ Skills, Good skills on Python or simmilar script laguages - Strong understanding..."
https://kr.indeed.com/viewjob?jk=ea9918b20aa10f90,Applications Engineer (CATS/SmartMRC),대한민국,,"manufacturing technology Scripting skills for Linux, TCL, Python, Perl Excellent communication and organizational skills..."
https://kr.indeed.com/viewjob?jk=f1a5b0fae1dc10a2,[한국기가포톤] Web Application Engineer 경력직원,경기도 화성,,"AI applications (e.g. experience in Python, TensorFlow, NumPy, jupyter notebook... including PHP, Python, Go, Java, C#..."
https://kr.indeed.com/viewjob?jk=64505dae19be5baa,데이터 분류 신입/경력,세종특별자치시,,"인공지능 학습을 위한 데이터 분류 작업(Data Labeling)<우대사항>- 컴퓨터 / 시스템 공학- Python 가능- 영어가능자, 해당직무 근무경험 [근무시간 및 형태] 주 5일 근무 (오전) 9시 00분~(오후) 6시..."
https://kr.indeed.com/viewjob?jk=774afc35e3ec6e5a,[AI/Lab] Recommendation System 리서치 엔지니어,서울,,있으신 분 논문을 빠르고 정확하게 이해하고 구현할 수 있으신 분 최신 추천 기술 동향을 파악하고 계신 분 Python 사용 능력이 능숙하신 분 ※ 참고사항 : 해당 직군은 상세 경력기술서 제출이 필수입니다. 이런 분은...
https://kr.indeed.com/viewjob?jk=e7eac3733ad68511,[글로벌컨설팅사] Data Scientist,서울,,전공 학위 또는 관련 경력 2년 이상 보유- 비전공자 지원 시 인터넷·IT·통신·모바일·게임>웹프로그래머> Python|인터넷·IT·통신·모바일·게임>데이터베이스·DBA>DB2|인터넷·IT·통신·모바일·게임>데이터베이스·DBA...
https://kr.indeed.com/viewjob?jk=ac9068957c550cb3,데이터 전문가(모델러/분석가/엔지니어) 모집,성남 판교역,,대용량 데이터를 효율적으로 사용하기 위한 기반 데이터 가공 지원자격 데이터 사이언스를 위한 언어(R/ Python/Scala) 및 도구(scikit-learn/Spark MLlib/Tensorflow/Pytorch 등)를...
https://kr.indeed.com/viewjob?jk=04d685fc70b67d4e,Linux/Python/PHP/MySQL/백엔드 정규직 경력,용인 보정동,,"보유 - DBMS(MySQL or MariaDB), scripting Language: bash, python, OOP 언어 중 가능자 - Back-End 서버를 개발해 보신 분 [우대사항] - Go(aka GoLang..."
https://kr.indeed.com/viewjob?jk=743714ccc494176c,IT Project Manager,서울,,3) Network Programming skills (e.g. C/Java/ Python) or ability to read and write SQL... skills (e.g. C/Java/ Python) or ability...
https://kr.indeed.com/viewjob?jk=c9fdfda54641cddd,(주)엘솔루 웹 개발자,서울,,Stack 개발 유경험자. Javascript / React / Python / NodeJS 개발 유경험자 Node.js 개발 유경험자 HTML 5... ㆍJavascript / React / Python / 인터넷·IT·통신...
https://kr.indeed.com/viewjob?jk=2061a9ebc542f2d5,"데이터 가공자 ,",서울 마포구,,"격요건]경력사항: 신입, 경력()학력사항: 대학(2,3년)졸업직무기술: Python, openCV 1 명 공통 자격요건ㆍ학력 : 대졸 이상 (2,3년... 게임>빅데이터·AI(인공지능)> Python|인터넷·IT·통신·모바일·게임..."
https://kr.indeed.com/viewjob?jk=91437e4868dc86db,(주)엘솔루 서비스기획 관리자,서울,,통신·모바일·게임>웹프로그래머>HTML·DHTML·mHTML|인터넷·IT·통신·모바일·게임>웹프로그래머> Python|재무·회계·경리>세무·회계>회계|재무·회계·경리>세무·회계>전산회계|재무·회계·경리>세무·회계>회계감사
https://kr.indeed.com/viewjob?jk=dc74730c92ce5050,Data Scientist,서울 영등포구,,"기반 예측, 모델링 프로젝트 경험자 데이터 분석/모델링을 위한 언어 및 프레임워크 사용에 익숙하신 분 ( Python, R, SQL, Pandas, TensorFlow, Pytorch, Spark 등) 회사 내부 구성원들과..."
https://kr.indeed.com/viewjob?jk=486e60eaeabad5a5,[진행중] 우리은행 MyDataACT 전문직(데이터사이언티스트-분석) 채용공고,서울 회현동,,"이터 분석 업무 경력 5년 이상 보유자(관련 서비스 기획, 운영 경력 합산) - 데이터 분석 관련 언어( Python, R 등) 사용 능력 및 분석 결과의 실제 서비스 적용 경험 보유자 - 적극적이고 원만한 커뮤니케이션..."
https://kr.indeed.com/viewjob?jk=5ea9ea023c6ccc03,"S/W 엔지니어, 데이터분석 신입/경력 정규직, 인턴",성남 분당구,,"케이션 제작 및 유지보수 업무- Python, Golang, QT 중 선택... 2. 시스템프로그래머- Python, Golang, QT 중 선택 가능3. 영상데이터 분석 및 모델링- python기반 영상데이터 분석 및 모델링..."
https://kr.indeed.com/viewjob?jk=84fd9f9deb6105b0,"웹개발, Python 외 신입/경력 계약직",서울 강서구,,"주식회사 쿠바로엠앤씨 웹개발, Python 외 신입/경력 계약직 채용 모집... 게임>웹프로그래머>웹개발|인터넷·IT·통신·모바일·게임>웹프로그래머> Python|인터넷·IT·통신·모바일·게임>웹프로그래머>백엔드|인터넷·IT·통신..."
https://kr.indeed.com/viewjob?jk=3330430ae94277db,[타다]데이터 분석가/사이언티스트,제주도 제주,,"통계에 대한 지식 및 머신러닝에 대한 지식을 보유하고 있으며, 데이터 분석 실무 경험이 풍부하신 분 • R, Python(Pandas, Numpy, Scikit-learn) 등의 데이터 분석을 위한 언어를 1개 이상 능숙하게..."
https://kr.indeed.com/viewjob?jk=c2f5f53dc48263eb,Deep Learning Researcher – On-device AI theory and algorithm,서울,,"experiences • Algorithm implementation experiences using python with deep learning platform, e.g. PyTorch, TensorFlow..."
https://kr.indeed.com/viewjob?jk=1806287902a1a36e,[데이터센터] (경력/신입) 카카오 데이터센터 Data Scientist 모집,성남 판교역,,"않고, 기술이 비즈니스 가치로 변모할 수 있는 그 가능성에 집중합니다. 지원자격 필수사항 Go, Python, Scala, Java, C/C++ 중 하나 이상의 언어에 능숙하신 분 SQL 또는 HiveQL에 능숙하신..."
https://kr.indeed.com/viewjob?jk=6dd6df0289d55d06,Support Engineer,서울,,"script-based development environments and tools (PERL, Python, Ruby, PhP, etc.) • Experience in Core Linux administration..."
https://kr.indeed.com/viewjob?jk=376e7df4cd432744,데이터 컨설팅 및 분석분야 경력직 (정규직),과천 과천시,,데이터분석|인터넷·IT·통신·모바일·게임>빅데이터·AI(인공지능)> Python|인터넷·IT·통신·모바일·게임>빅데이터·AI(인공지능)>R|인터넷... 데이터마이닝|인터넷·IT·통신·모바일·게임>응용프로그래머> Python
https://kr.indeed.com/viewjob?jk=17cb170cfefd8348,Support Escalation Engineer,서울,,"debugging experience (C/C++/C#, Python, Node.JS, etc.) Azure Application... experience (C/C++/C#, Python, Java, Node..."
https://kr.indeed.com/viewjob?jk=b273550d62b2aa4d,[스타랩스] WEB 개발자 정규직,서울 강남구,,수 있습니다. 인터넷·IT·통신·모바일·게임>웹프로그래머>웹개발|인터넷·IT·통신·모바일·게임>웹프로그래머>JAVA|인터넷·IT·통신·모바일·게임>웹프로그래머> Python|인터넷·IT·통신·모바일·게임>웹프로그래머>백엔드
https://kr.indeed.com/viewjob?jk=1b62babbbf2d717a,경험최적화 - 데이터 사이언티스트/분석가,성남 분당구,,피처 탐색 등) - 게임 내 행동 패턴 로그 분석과 패턴 식별 및 이를 통한 서비스 개선 지원자격 - Python을 사용한 데이터 분석 및 모델 개발 경험 - 머신러닝 라이브러리 활용 경험 - 셀프 모티베이션과 원활한...
https://kr.indeed.com/viewjob?jk=c5a2d1029018e4ba,Expat: Experimental Physicist Tuning an Monitoring,경기도 화성,,Experience in using office programs and Unix (Linux) Python and Jira experience is preferred. Deliberate and organized work...
https://kr.indeed.com/viewjob?jk=47209d0b3b717673,꿈꾸는 개발자 데뷔코스 싹(SSAC) 3기 교육생,서울 영등포구,,로그래머>머신러닝(ML)|인터넷·IT·통신·모바일·게임>응용프로그래머> Python|인터넷·IT·통신·모바일·게임>응용프로그래머>증강현실(AR)|인터넷... 통신·모바일·게임>웹프로그래머> Python|인터넷·IT·통신·모바일·게임...
https://kr.indeed.com/viewjob?jk=c57bb3c7bb27ddd7,데이터분석팀 연구원(계약직) 채용 공고,서울 필동,,"자 4) 남자의 경우 병역필 또는 면제자 5) 한글, MS OFFICE 등 기본 문서작업 가능자 6) Python, R 프로그래밍 언어 사용 가능자 우대 2. 모집인원 : O명 3. 근무조건 및 계약기간 구 분..."
https://kr.indeed.com/viewjob?jk=ad072f017c286d42,데이터 엔지니어,서울,,"에서의 데이터 파이프라인 구축 및 운영 경험 GA, Tableau 등 외부 분석/시각화 도구에 대한 지식 Python, Java, Scala 중 하나 이상을 이용한 개발 경험 추가 정보 지원 서류 안내 제출서류 : 이력..."
https://kr.indeed.com/viewjob?jk=34f22fafb415ec3c,Data Analyst,서울 영등포구,,"가지신 분 Business Intelligence 시스템 및 비즈니스 리포팅 툴의 활용 능력 프로그래밍 언어( Python/R, etc)를 활용하여 데이터 분석이 가능하신 분 더 나은 데이터 기반 서비스를 만들기 위해 동료들과..."
https://kr.indeed.com/viewjob?jk=48f66fa2a4f847a5,(주)엘솔루 웹 프로그래머,서울,,그래머>웹개발|인터넷·IT·통신·모바일·게임>웹프로그래머>JAVA|인터넷·IT·통신·모바일·게임>웹프로그래머> Python|경영·인사·총무·사무>경영·기획·전략>경영기획|경영·인사·총무·사무>경영·기획·전략>사업기획|경영·인사...
https://kr.indeed.com/viewjob?jk=2b33400b94b52275,[NAVER Cloud] Network Engineering,서울,,"네트워크 설계, 구축, 운영 경험을 보유하신 분 - 운영 자동화를 위한 운영도구 개발 경험을 보유하신 분 - Python, Ansible 등에 대한 이해와 이를 활용한 개발 경험을 보유하신 분 - 클라우드 네트워크 설계/구축..."
https://kr.indeed.com/viewjob?jk=e8a4630bec0783e8,2021 Market Data Analyst - Seoul,서울,,"work experience using one more programming language... Python, SQL and R Fluency in Korean and English (both spoken..."
https://kr.indeed.com/viewjob?jk=d158e683dc0b7500,파이썬 개발자 초중급 이상,서울 서초구,,전형 접수방법 채용시 접수방법: 인크루트 채용시스템 접수양식: 인크루트 이력서 기타 유의사항 입사지원서 및 제출서류에 허위사실이 있을 경우 채용이 취소될 수 있습니다. 인터넷·IT·통신·모바일·게임>응용프로그래머> Python
https://kr.indeed.com/viewjob?jk=c10064bea1536bfd,[ICT 확산사업] 2021년 블록체인 교육비 무료 교육생,서울,,통신·모바일·게임>빅데이터·AI(인공지능)>데이터분석|인터넷·IT·통신·모바일·게임>빅데이터·AI(인공지능)> Python|인터넷·IT·통신·모바일·게임>빅데이터·AI(인공지능)>머신러닝|인터넷·IT·통신·모바일·게임>빅데이터...
https://kr.indeed.com/viewjob?jk=be011f00a3881866,"웹개발, 백엔드 외 신입/경력",서울 강동구,,인터넷·IT·통신·모바일·게임>응용프로그래머>인공지능(AI)|인터넷·IT·통신·모바일·게임>응용프로그래머> Python|인터넷·IT·통신·모바일·게임>응용프로그래머>Android|인터넷·IT·통신·모바일·게임>응용프로그래머>iOS
https://kr.indeed.com/viewjob?jk=59bfeb68f785d534,Product Development Engineer,경기도 화성,,diffraction theory Strong programming and scripting skills in Python is highly desirable. Strong background in engineering...
https://kr.indeed.com/viewjob?jk=add880a19f345249,"Customer Engineer, Machine Learning, Google Cloud Customers",서울,,"Caffe, as well as numerical programming frameworks... Python or MATLAB. Preferred qualifications: Master's degree..."
https://kr.indeed.com/viewjob?jk=2ba9d984a21e03b1,[전문연구요원] R&D 부문 개발자 병역특례,서울 금천구,,"Data Analysis (R, SQL 등의 활용 능력 우대)3) Python Application 관련 개발 업무 (코딩 또는 문제해결) 4) ML... 게임>빅데이터·AI(인공지능)> Python|인터넷·IT·통신·모바일·게임..."
https://kr.indeed.com/viewjob?jk=ccd4f5407a32ba6a,Data Scientist,서울,,"analysis a plus, Programming... scripting exp.: eg. Python, C#, VBA, Java, Perl, etc. Experience in applied analytics..."
https://kr.indeed.com/viewjob?jk=9f0ce22eee4259bb,"교육 기획/운영, 시스템 기획",서울 성동구,"연봉 32,000,000원 - 36,000,000원","Science, Data Science, AI, Algorithm, Python 등... 데이터 분석, 인공지능, 프로그래밍 언어) 교육에 관심... AI, Algorithm, Python 등)• IT(데이터 분석, 인공지능..."
https://kr.indeed.com/viewjob?jk=b574f1454ae36aab,Cross Border Ecommerce - Business Intelligence (Based in Seo...,서울,,business analyst related roles Proficient in SQL and Python Strong analytical skill and sensitivity to data Strong oral...
https://kr.indeed.com/viewjob?jk=217f05d2e48e9c7c,[전액무료·수당지원] 각 분야별 국비지원 교육생,서울 관악구,,응용프로그래머>JAVA|인터넷·IT·통신·모바일·게임>응용프로그래머> Python|인터넷·IT·통신·모바일·게임>응용프로그래머>머신러닝(ML)|인터넷... 게임>빅데이터·AI(인공지능)> Python|인터넷·IT·통신·모바일·게임...
https://kr.indeed.com/viewjob?jk=71c47ac87bb4087e,기술 인턴 인공지능 응용 연구/개발 인턴,서울 관악구,,"6개월) (협의) *모집 절차: 서류 à인터뷰(오프라인) *지원 자격: 프로그래밍 언어 활용 능력: Python, C, C++ 중 1가지 이상 데이터구조, 알고리즘 과목 이수 머신러닝과 딥러닝의 기본 개념 이해 머신러닝..."
https://kr.indeed.com/viewjob?jk=219ea412c514e15c,(유망벤처기업)데이터 사이언티스트,서울 강남구,,업경영 등 전공우대) 혹은 데이터 교육 이수자 -통계적 데이터 분석 및 머신러닝 관련 분야 경력 3년 이상 - Python을 통한 데이터 분석 능력을 갖추신 분 -데이터팀 셋팅 및 리딩 경험 -실제 서비스 데이터를 이용한 분석...
https://kr.indeed.com/viewjob?jk=c21860c294b20700,[쿠키런: 오븐브레이크] 서버 소프트웨어 엔지니어 (신입),서울 강남구,,트웨어|인터넷·IT·통신·모바일·게임>응용프로그래머>JAVA|인터넷·IT·통신·모바일·게임>응용프로그래머>C·C++|인터넷·IT·통신·모바일·게임>웹프로그래머> Python|교육·교사·강사·교직원>IT·문화·직업강사>프로그래밍
https://kr.indeed.com/viewjob?jk=fec4bd361c177418,Associate Cloud Developer,서울,,"languages: Java, Python, Ruby, Node.js... 동등한 수준의 STEM 관련 분야 학사 학위 혹은 경험 · Java, Python, Ruby, Node.js, C # 또는 C ++ 중 하나 이상의..."
https://kr.indeed.com/viewjob?jk=8af26b37623864c4,8퍼센트 개발자 (신입/경력),서울 종로구,,개발 금융 데이터 분석과 분석 플랫폼 운영 자격요건 컴퓨터 전공자 또는 웹 개발 경력 1년 이상 우대사항 Python 코드를 무리 없이 읽으실 수 있는 분 Linux/Mac 사용 가능한 분 새로운 기술에 대한 호기심을 가지신...
https://kr.indeed.com/viewjob?jk=6b909c8efd96c85a,(주)엘솔루 R&D본부 ASR팀 개발직,서울,,"제공 [필수사항] ㆍ프로그래밍에 재능 및 열정이 있는 자 ㆍJava, Python 중 하나 이상의 언어사용자 ㆍWeb 개발능력 ㆍ리눅스 사용 경험자... 머신러닝(ML)|인터넷·IT·통신·모바일·게임>응용프로그래머> Python"
https://kr.indeed.com/viewjob?jk=4d9591a0cece1e3d,서비스 플랫폼 웹 개발자 모집,성남 판교역,,"기술 트랜드에 지속적인 관심을 가지며, 배움에 적극적인 분 우대사항 - Front-End 웹 개발 경험 - Python, Django Framework을 이용한 서비스 개발 경험 - Kafka, Redis 를 이용한 서비스..."
https://kr.indeed.com/viewjob?jk=0f139e8552caa762,매치메이킹 서버 개발,성남 분당구,,"습니다. - AWS ECS - AWS Lambda - Go - Python - Redis 사용자의 몰입도를 높이는 매치메이킹 규칙을 구현합... 원자격 -한 가지 이상의 개발 언어( Python, C++, C#, Go 등..."
https://kr.indeed.com/viewjob?jk=f1a5b0fae1dc10a2,[한국기가포톤] Web Application Engineer 경력직원,경기도 화성,,"AI applications (e.g. experience in Python, TensorFlow, NumPy, jupyter notebook... including PHP, Python, Go, Java, C#..."
https://kr.indeed.com/viewjob?jk=5e7dc1196f13b938,"NAVER, LINE 서비스 플랫폼 운영",성남 삼평동,,"유하신 분 - 프로그래밍 언어( python, java, c언어 등) 초급... System, WEB/WAS, DB운영 경험 - 프로그래밍 언어( python, java, c언어 등) 중급 이상 - 국가보훈대상자 및 장애인은..."
https://kr.indeed.com/viewjob?jk=4d62f108017056a2,백엔드개발 인공지능바이오제약코스닥기업,대한민국,,"선과 신규 서비스의 UI, 기능을 설계 및 개발"" ※ 자격조건 - python 개발 경험(기본) - non-sql DB, sql DB 중 1개 이상... 사용 경험 - 풀스택 개발자 - python, C# 동시 사용"" 기타정보..."
https://kr.indeed.com/viewjob?jk=efa408aa5fb39d12,"데이터 분석 시스템 개발자 (3년차, 정규직)",서울 영등포구,,통신·모바일·게임>빅데이터·AI(인공지능)>빅데이터|인터넷·IT·통신·모바일·게임>빅데이터·AI(인공지능)> Python|인터넷·IT·통신·모바일·게임>빅데이터·AI(인공지능)>머신러닝|인터넷·IT·통신·모바일·게임>데이터베이...
https://kr.indeed.com/viewjob?jk=4cd34228af5013fd,DGIST 2019년 제1차 계약직원 공개채용 공고,대구 현풍면,,"우수자(SPSS, R 등 통계패키지) 외국어(영어) 구사 능력 우수자 Programming(MATLAB, Python, C/C++ 등) 가능자 · 근무기간 : 2019.3.11.~2020.3.10. ※ 단, 재계약 평가에..."
https://kr.indeed.com/viewjob?jk=4698c0e2364b5576,[넥슨·엔씨소프트등] 자바·파이썬 응용SW 개발자 양성교육 · 동종업계 신입 초봉5천1,서울 구로구,,통신·모바일·게임>응용프로그래머> Python|인터넷·IT·통신·모바일·게임... 웹프로그래머> Python|인터넷·IT·통신·모바일·게임>웹프로그래머>웹개발|인터넷·IT·통신·모바일·게임>빅데이터·AI(인공지능)> Python|인터넷...
https://kr.indeed.com/viewjob?jk=94d2429fcb791b3d,[법무법인(유) 율촌] 로펌 경영정보팀,서울 강남구,,"- 신입~3년 경력자 - SQL을 통한 데이터 추출, 분석이 가능하거나 Python, R 등의 분석 도구를 활용한 프로그래밍이 가능한 분 - 데이터 분석... 통신·모바일·게임>웹프로그래머> Python|인터넷·IT·통신·모바일·게임..."
https://kr.indeed.com/viewjob?jk=d585814d097935eb,카카오톡 보이스톡/페이스톡/라이브톡 개발자 모집,성남 판교역,,"우대 사항 ✓ Spring/Java 혹은 Spring/Kotlin 기반 서버 개발 경험 ✓ MySQL, Python, JavaScript, Node.js 경험 ✓ 모바일/웹 환경을 위한 API 시스템 개발 경험 ✓ k8s..."
https://kr.indeed.com/viewjob?jk=7e17ea213996938d,[신세계디에프] Data Scientist,서울 중구,,"및 제출서류 전형절차 서류 1차면접 2차면접 최종합격 직무/산업 직무별(직종) 응용프로그래머Java, SQL 인공지능(AI).빅데이터인공지능(AI), 빅데이터, 머신러닝, Python 산업별(업종) 유통.백화점.도소매 면세점"
https://kr.indeed.com/viewjob?jk=72859ab8ad9a7cd0,글로벌 ICT전문가 양성과정 6기 참가자,대전 중구,,통신·모바일·게임>빅데이터·AI(인공지능)>데이터분석|인터넷·IT·통신·모바일·게임>빅데이터·AI(인공지능)> Python|인터넷·IT·통신·모바일·게임>빅데이터·AI(인공지능)>머신러닝|인터넷·IT·통신·모바일·게임>빅데이터...
https://kr.indeed.com/viewjob?jk=fd968da66dd283df,[LNG발전소] 데이터분석 전문가,충청남도,,모바일·게임>빅데이터·AI(인공지능)>인공지능(AI)|인터넷·IT·통신·모바일·게임>빅데이터·AI(인공지능)> Python|인터넷·IT·통신·모바일·게임>빅데이터·AI(인공지능)>머신러닝|인터넷·IT·통신·모바일·게임>빅데이터...
https://kr.indeed.com/viewjob?jk=2061a9ebc542f2d5,"데이터 가공자 ,",서울 마포구,,"격요건]경력사항: 신입, 경력()학력사항: 대학(2,3년)졸업직무기술: Python, openCV 1 명 공통 자격요건ㆍ학력 : 대졸 이상 (2,3년... 게임>빅데이터·AI(인공지능)> Python|인터넷·IT·통신·모바일·게임..."
https://kr.indeed.com/viewjob?jk=6d0095647ec5d2a4,광고데이터플랫폼 개발자 모집,성남 판교역,,"무와 데이터 파이프라인 시스템 설계/구축/관리 업무를 수행하게 됩니다. 지원자격 개발 경력 3년 이상 Python, Java, Kotlin, Scala 중 하나 이상의 언어에 능통 SQL 또는 HiveQL에 능통 대용량..."
https://kr.indeed.com/viewjob?jk=57937c9652167475,VPS Application Engineer - HAV,경기도 성남,,"Proficient in scripting languages used today (e.g., Perl, Python, various shell scripts/Makefiles, XML, JSON, etc.) Industry..."
https://kr.indeed.com/viewjob?jk=64e8a0d36e790764,ASIC 디지털 로직설계 연계형 인턴,서울 서초구,,"설계 경험 - FPGA 기반의 Hardware 검증경험 - UVM 활용 역량 보유 - 스크립트 언어( Python, Shell script, etc)를 활용한 automation 역량보유 함께하고 싶은 사람 - 새로운 것을..."
https://kr.indeed.com/viewjob?jk=0c32e6464cad3b0a,[카카오 클라우드]DBaaS(DataBase As A Service) 개발자 모집,성남 판교역,,"및 유지 보수 지원자격 필수 자격 협업을 우선 가치로 유연한 커뮤니케이션이 가능하신 분 golang, python 등으로 API 기반 서비스를 구현해본 경험이 있으신 분 서비스 요구 사항을 기능으로 구현할 수 있는 분..."
https://kr.indeed.com/viewjob?jk=64505dae19be5baa,데이터 분류 신입/경력,세종특별자치시,,"인공지능 학습을 위한 데이터 분류 작업(Data Labeling)<우대사항>- 컴퓨터 / 시스템 공학- Python 가능- 영어가능자, 해당직무 근무경험 [근무시간 및 형태] 주 5일 근무 (오전) 9시 00분~(오후) 6시..."
https://kr.indeed.com/viewjob?jk=33caa1d9a2c68113,클라우드 데이터플랫폼 운영 엔지니어,성남 판교역,,"력자 -대외 고객 기술 지원 경험자 -클라우드 플랫폼 운영 경험자 -2년 이상의 개발 경험자(Java, Python 등) -Hadoop 에코시스템을 통한 데이터 수집, 처리 및 지표 분석 경험 본 채용은 상시 채용으..."
https://kr.indeed.com/viewjob?jk=a4b72e38fb50bde0,콘텐츠서비스개발- 데이터엔지니어,성남 분당구,,"ecosystem 에 대한 이해 - Python, Scala 등의 프로그... 경험이나 운영 경험 - 소프트웨어 빌드 및 배포 자동화 경험 - Python 또는 NodeJS를 활용한 시스템 개발 경험 - 프론트엔드 및 웹..."
https://kr.indeed.com/viewjob?jk=f2be917c394cbe91,(주)코인플러그 서버 개발자,성남 분당구,,"능숙한 자ㆍ블록체인 기술에 관심이 많은 자[우대사항] ㆍgoLang, python, Java, kotlin, node.js 중 한가지 언어 이상 개발... 템분석·설계>AWS|인터넷·IT·통신·모바일·게임>웹프로그래머> Python"
https://kr.indeed.com/viewjob?jk=0f16a67e2e0dc74c,(주)넷타겟 신약개발 등 각 부문 수시,성남 수정구,,로그래머>백엔드|인터넷·IT·통신·모바일·게임>웹프로그래머> Python|인터넷·IT·통신·모바일·게임>응용프로그래머>API|인터넷·IT·통신·모바일·게임>응용프로그래머> Python|의료·간호·보건·복지>약무·제약>제약연구개발
https://kr.indeed.com/viewjob?jk=cd33747ecaa2f3aa,미래금융팀 경력직원(데이터분석),서울 영등포구+1 지역,,인터넷·IT·통신·모바일·게임>ERP·시스템분석·설계>데이터분석|인터넷·IT·통신·모바일·게임>웹프로그래머> Python|인터넷·IT·통신·모바일·게임>응용프로그래머> Python
https://kr.indeed.com/viewjob?jk=9adbc290202846e1,[아이브릭스] 기업부설연구소 전문연구요원,성남 분당구,,모바일·게임>응용프로그래머>JAVA|인터넷·IT·통신·모바일·게임>응용프로그래머>자바스크립트|인터넷·IT·통신·모바일·게임>빅데이터·AI(인공지능)>머신러닝|인터넷·IT·통신·모바일·게임>빅데이터·AI(인공지능)> Python
https://kr.indeed.com/viewjob?jk=2d6758e0cf68af13,[TmaxTibero/기술] DBMS 제품 QA 신입 및 경력,성남 분당구,,연관 3rd Party 제품 기술지원 경험자(경력 지원자) - Unix/Linux 경험자 - Java/C/ Python/shell 초급 개발자/경험자(경력 지원자) - S/W QA 경험자(경력 지원자) - CDC 제품 사용...
https://kr.indeed.com/viewjob?jk=2935c5f41e9d39f0,2021년 상반기 정보보안 엔지니어 - 취약점 파트,서울 금천구,,"10에 대한 설명과 구현/조치 가능 - 국내 컴플라이언스 대응 경험 (주요정보통신기반시설 가이드 등) - Python 활용자 - Kali 및 Metasploit 경험자- 군필자, 경력자, 관련 학과 졸업자 우대 * 자격요건과..."
https://kr.indeed.com/viewjob?jk=05121752364559cb,[보안] 보안 솔루션 엔지니어(정규직),대한민국,,"고도화 및 효율화 - 정보보호시스템 로그 관리 및 분석 [자격사항] - 보안 관련 실무 경력 3년 이상 - Python, Shell 등 언어 사용 능력을 보유한 분 - 상용 솔루션 및 각종 OS 등의 취약점 분석 및 대응..."
https://kr.indeed.com/viewjob?jk=29faa893f345e036,GEDP,경기도 성남,,using C programming language Scripting languages like Lua/ Python/JavaScript may also be used if needed Support connected...
https://kr.indeed.com/viewjob?jk=89f3e10d77a126bf,Field Service Engineer,경기도 용인,,"troubleshooting. Preferably to have coding capability (Matlab, Python...etc... data analysis, visualization, and algorithm..."
https://kr.indeed.com/viewjob?jk=7bf179a290a157b2,경험최적화파트 - 머신러닝 엔지니어,성남 분당구,,모델 개발 - 머신러닝을 위한 솔루션 프로토타이핑 - 머신러닝 파이프라인 설계 및 구축 지원자격 - Python에 숙련된 프로그래밍 능력과 머신러닝 라이브러리 활용 경험 - 머신러닝과 강화학습에 관련된 지식 습득 혹은...
https://kr.indeed.com/viewjob?jk=2bb45413e7456a19,"[ 부산 IT 교육 ] 자바 · 빅데이터 실무개발자 , 네트워크 · 파이썬 실무전문가",부산 부산진구,,통신·모바일·게임>웹프로그래머>백엔드|인터넷·IT·통신·모바일·게임>응용프로그래머>Android|인터넷·IT·통신·모바일·게임>빅데이터·AI(인공지능)> Python|인터넷·IT·통신·모바일·게임>빅데이터·AI(인공지능)>R
https://kr.indeed.com/viewjob?jk=06bd7cf4b32f5ac8,[HR Div.] 인사제도 기획 및 운영,서울,,"경험 게임 업계 및 PUBG에 대한 관심과 이해 Fluent level English Coding( Python, Java 등)이나 Data(SQL 등)관련 지식 보유 고용 형태 정규직 근무지 서울 본사 (역삼) 제출..."
https://kr.indeed.com/viewjob?jk=48f66fa2a4f847a5,(주)엘솔루 웹 프로그래머,서울,,그래머>웹개발|인터넷·IT·통신·모바일·게임>웹프로그래머>JAVA|인터넷·IT·통신·모바일·게임>웹프로그래머> Python|경영·인사·총무·사무>경영·기획·전략>경영기획|경영·인사·총무·사무>경영·기획·전략>사업기획|경영·인사...
https://kr.indeed.com/viewjob?jk=feb01534780035d3,야구 AI 기술 연구자 모집,성남 판교역,,행한 프로젝트 포함 ) 2. 야구에 대한 관심 및 열정 3. 기술탐색 및 문제해결능력 보유 우대사항 1. Python 개발역량 보유 2. 다양한 DB로 부터의 데이터 핸들링 경험 3. AI기술 실제 서비스 적용 경험( 기획...
https://kr.indeed.com/viewjob?jk=dcdd6c20bd460c01,System Engineer 모집,성남 판교역,,"인프라 운영 경험 (프로비저닝, 설정 관리, 모니터링 등) - 운영에 필요한 도구 개발 (Shell / Python 중 하나 이상의 개발 경험 및 REST API 활용) 역량 우대사항 - 글로벌 서비스 Architecture..."
https://kr.indeed.com/viewjob?jk=01bd5372e531d949,"Sales - Sales Operations Specialist, Seoul, Korea",서울,,"software, including... limited to Excel, PPT, Word, SQL, Python, Tableau, etc. Demonstrated ability to define, refine..."
https://kr.indeed.com/viewjob?jk=1344fe4ee44b4959,[웹젠] 서버(R2)(신입/경력),성남 분당구,,"사용자 - 유연한 사고와 원활한 의사소통 능력 보유자 ﻿ 우대사항 - Python, freebsd, MySql 경험자 - STL, Socket... 능력 보유자 ﻿ 우대사항 - Python, freebsd, MySql..."
https://kr.indeed.com/viewjob?jk=c57bb3c7bb27ddd7,데이터분석팀 연구원(계약직) 채용 공고,서울 필동,,"자 4) 남자의 경우 병역필 또는 면제자 5) 한글, MS OFFICE 등 기본 문서작업 가능자 6) Python, R 프로그래밍 언어 사용 가능자 우대 2. 모집인원 : O명 3. 근무조건 및 계약기간 구 분..."
https://kr.indeed.com/viewjob?jk=fc09bd46b913c048,시스템 엔지니어링,성남 판교역,,"운영 경험 보유 - 쉘 스크립트 또는 프로그래밍 개발 스킬 보유 * Bash, PowerShell, Python, JAVA, etc * 운영 자동화/효율화 경험 보유 - 대용량 트래픽 처리를 위한 인프라 설계와 구축..."
https://kr.indeed.com/viewjob?jk=069278d922cccae3,로봇 플랫폼 개발자,서울 서초구,,Architecture 연구 개발 2. 경력 및 경험 - ROS1/2 기반 로봇 SW 개발 유경험자 - C/C++/ Python 중급 이상 - 임베디드 시스템 기반 SW 개발 유경험자 3. 우대사항 - 로봇 실무 경험자 우대...
https://kr.indeed.com/viewjob?jk=f85db44acfff0764,경력직 채용_리스크관리팀,서울,,"험자 - 경제/재무 관련 지식(금융시장, 투자론, 각종 지표 등) 필요 - 엑셀, Bloomberg, SQL, Python 등 프로그래밍 역량 우대 3. 자격사항: 투자자산운용사, CFA, FRM (우대) 전형 절차 서류전형..."
https://kr.indeed.com/viewjob?jk=e0e37aaebc73dde3,지표구축,경기도 성남,,"대시보드 플랫폼의 활용이 가능하신분 - 새로운 서비스 출시후 모니터링이나 트랜드 확인이 가능하도록 설계나 지원이 가능하신분 - SQL,Excel,R, Python 등을 이용하여 데이터 추출 또는 분석이 가능하신 분"
https://kr.indeed.com/viewjob?jk=eaee1538d8cc832f,메시지발송 플랫폼 개발자,성남 분당구,,"개발 가능하면서 python 개발 경험 소유자(또는 Python 개발 가능... NET 또는 python 개발 경력 5년이상 - 자동화를 위한 스크립트(powershell, bash, python 등) 경험 - Windows..."
https://kr.indeed.com/viewjob?jk=0c03a792f8a2a803,(한화생명) 투자사업팀 경력채용,서울,,"계량모델 혹은 성과평가) : 금융시장 분석에 필요한 Tool 활용 가능자 우대(VBA, MATLAB, Python, R 등) - 자격증 : 금융관련 자격 보유자 우대 0명 본사(63빌딩) 한화인의 공고 내 '1:1 문의하기..."
https://kr.indeed.com/viewjob?jk=9023085c1b57fc46,[웹젠] 프로그래밍(경력),성남 분당구,,"사용자 - 유연한 사고와 원활한 의사소통 능력 보유자 ﻿ 우대사항 - Python, freebsd, MySql 경험자 - STL, Socket... 소통 능력 보유자 ﻿ 우대사항 - Python, freebsd, MySql..."
https://kr.indeed.com/viewjob?jk=d13fce11058e6cf1,보안 모니터링 시스템 개발 및 운영 담당자 모집,성남 판교역,,"이터 분석을 위한 SIEM/ETL 플랫폼 개발/운영 지원자격 기본사항 경력 3년 이상 Java, Python 등의 언어로 개발 가능자 기본적인 웹 개발 및 Back-End 개발 가능자 DBMS 혹은 빅데이터(NoSQL..."
https://kr.indeed.com/viewjob?jk=a2b38b230474e622,카카오 전사 QA 모집,성남 판교역,,"협업도구 (JIRA, Github 등)에 대한 경험이 있으신 분 테스트자동화 설계경험자 혹은 스크립트 언어( python, java, javascript 등) 가능자 긍정적인 마인드와 유연한 커뮤니케이션 능력 보유 능동적이고..."
https://kr.indeed.com/viewjob?jk=56523d2ce6f8d860,NHN Cloud 인프라 서비스 개발,성남 판교역,,우대사항 - NHN Cloud에서 제공하는 다양한 인프라 서비스 개발 - C/C++ 또는 Java/ Python 개발 경력 5년 이상 - Linux 환경 개발자 - Openstack 개발 경험 - Container...
